Date,Event,Relative Rating, Absolute Rating
1984-07-23,WWF The Brawl to End it All,9.00,-
1985-05-11,WWF Saturday Night's Main Event #1,8.80,-
1985-10-05,WWF Saturday Night's Main Event #2,8.30,-
1985-11-02,WWF Saturday Night's Main Event #3,6.80,-
1986-01-04,WWF Saturday Night's Main Event #4,10.40,-
1986-03-01,WWF Saturday Night's Main Event #5,10.00,-
1986-05-03,WWF Saturday Night's Main Event #6,9.30,-
1986-10-04,WWF Saturday Night's Main Event #7,9.40,-
1986-11-29,WWF Saturday Night's Main Event #8,9.40,-
1987-01-03,WWF Saturday Night's Main Event #9,10.60,-
1987-03-14,WWF Saturday Night's Main Event #10,11.60,-
1987-05-02,WWF Saturday Night's Main Event #11,9.50,-
1987-10-03,WWF Saturday Night's Main Event #12,9.70,-
1988-01-24,WWF Royal Rumble 1988,8.20,-
1988-02-05,WWF The Main Event I,15.20,-
1988-03-12,WWF Saturday Night's Main Event #15,10.00,-
1988-10-29,WWF Saturday Night's Main Event #17,8.70,-
1988-11-26,WWF Saturday Night's Main Event #18,9.40,-
1989-02-03,WWF The Main Event II,11.60,-
1989-03-11,WWF Saturday Night's Main Event #20,10.00,-
1989-11-12,WWF Survivor Series Showdown 1989,3.90,-
1989-11-25,WWF Saturday Night's Main Event #24,8.70,-
1990-01-27,WWF Saturday Night's Main Event #25,11.10,-
1990-02-23,WWF The Main Event III,12.80,-
1990-03-25,WWF Ultimate Challenge,3.30,-
1990-07-28,WWF Saturday Night's Main Event #27 - Wild Kingdom,7.20,-
1990-08-19,WWF SummerSlam Fever,3.60,-
1990-11-18,WWF Survivor Series Showdown 1990,3.10,-
1990-11-23,WWF The Main Event IV,8.60,-
1991-02-01,WWF The Main Event V,6.70,-
1991-03-17,WWF Road to WrestleMania VII,3.80,-
1991-04-27,WWF Saturday Night's Main Event #29,7.70,-
1991-08-18,WWF Summer Slam Spectacular 1991,3.60,-
1991-11-24,WWF Survivor Series Showdown 1991,3.70,-
1992-02-08,WWF Saturday Night's Main Event #30,8.20,-
1992-11-08,WWF Saturday Night's Main Event #31,6.10,-
1993-01-11,WWF Monday Night RAW #1,2.50,-
1993-09-13,WWF Monday Night RAW #31,-,1021000
1994-01-10,WWF Monday Night RAW #47,3.40,-
1994-01-17,WWF Monday Night RAW #48,3.60,-
1994-01-24,WWF Monday Night RAW #49,3.50,-
1995-01-09,WWF Monday Night RAW #93,2.80,-
1995-01-16,WWF Monday Night RAW #94,2.60,-
1995-01-23,WWF Monday Night RAW #95,2.70,-
1995-01-30,WWF Monday Night RAW #96,3.00,-
1995-02-06,WWF Monday Night RAW #97,2.80,-
1995-02-20,WWF Monday Night RAW #98,2.90,-
1995-03-20,WWF Monday Night RAW #102,3.10,-
1995-03-27,WWF Monday Night RAW #103,3.20,-
1995-04-03,WWF Monday Night RAW #104,3.50,-
1995-04-10,WWF Monday Night RAW #105,3.70,-
1995-04-17,WWF Monday Night RAW #106,3.40,-
1995-04-24,WWF Monday Night RAW #107,3.90,-
1995-05-01,WWF Monday Night RAW #108,3.60,-
1995-05-08,WWF Monday Night RAW #109,3.10,-
1995-05-15,WWF Monday Night RAW #110,3.50,-
1995-05-22,WWF Monday Night RAW #111,3.30,-
1995-05-29,WWF Monday Night RAW #112,3.90,-
1995-06-26,WWF Monday Night RAW #116,3.40,-
1995-07-03,WWF Monday Night RAW #117,2.70,-
1995-07-17,WWF Monday Night RAW #119,3.10,-
1995-07-24,WWF Monday Night RAW #120,3.80,-
1995-07-31,WWF Monday Night RAW #121,3.40,-
1995-08-07,WWF Monday Night RAW #122,3.20,-
1995-08-14,WWF Monday Night RAW #123,3.40,-
1995-08-21,WWF Monday Night RAW #124,3.20,-
1995-09-11,WWF Monday Night RAW #125,2.20,-
1995-09-18,WWF Monday Night RAW #126,2.50,-
1995-09-25,WWF Monday Night RAW #127,1.90,-
1995-10-02,WWF Monday Night RAW #128,2.50,-
1995-10-09,WWF Monday Night RAW #129,2.60,-
1995-10-16,WWF Monday Night RAW #130,2.60,-
1995-10-23,WWF Monday Night RAW #131,2.20,-
1995-10-30,WWF Monday Night RAW #132,2.10,-
1995-11-06,WWF Monday Night RAW #133,2.60,-
1995-11-13,WWF Monday Night RAW #134,2.60,-
1995-11-20,WWF Monday Night RAW #135,2.30,-
1995-11-27,WWF Monday Night RAW #136,2.30,-
1995-12-04,WWF Monday Night RAW #137,2.60,-
1995-12-11,WWF Monday Night RAW #138,2.50,-
1995-12-18,WWF Monday Night RAW #139,2.30,-
1996-01-01,WWF Monday Night RAW #140 - The RAW Bowl,2.60,-
1996-01-08,WWF Monday Night RAW #141,3.00,-
1996-01-15,WWF Monday Night RAW #142,2.40,-
1996-01-22,WWF Monday Night RAW #143,2.90,-
1996-01-29,WWF Monday Night RAW #144,2.40,-
1996-02-05,WWF Monday Night RAW #145,2.70,-
1996-02-19,WWF Monday Night RAW #146,3.10,-
1996-02-26,WWF Monday Night RAW #147,3.10,-
1996-03-04,WWF Monday Night RAW #148,3.60,-
1996-03-11,WWF Monday Night RAW #149,2.90,-
1996-03-18,WWF Monday Night RAW #150,2.90,-
1996-03-25,WWF Monday Night RAW #151,2.80,-
1996-04-01,WWF Monday Night RAW #152,2.90,-
1996-04-08,WWF Monday Night RAW #153,4.70,-
1996-04-15,WWF Monday Night RAW #154,3.10,-
1996-04-22,WWF Monday Night RAW #155,3.30,-
1996-04-29,WWF Monday Night RAW #156,3.90,-
1996-05-06,WWF Monday Night RAW #157,4.10,-
1996-05-13,WWF Monday Night RAW #158,3.50,-
1996-05-20,WWF Monday Night RAW #159,3.10,-
1996-05-27,WWF Monday Night RAW #160,3.30,-
1996-06-03,WWF Monday Night RAW #161,2.30,-
1996-06-10,WWF Monday Night RAW #162,2.70,-
1996-06-17,WWF Monday Night RAW #163,2.30,-
1996-06-24,WWF Monday Night RAW #164,2.70,-
1996-07-01,WWF Monday Night RAW #165,2.60,-
1996-07-08,WWF Monday Night RAW #166,2.50,-
1996-07-15,WWF Monday Night RAW #167,2.60,-
1996-07-22,WWF Monday Night RAW #168,2.20,-
1996-07-29,WWF Monday Night RAW #169,2.10,-
1996-08-05,WWF Monday Night RAW #170,2.80,-
1996-08-12,WWF Monday Night RAW #171,2.00,-
1996-08-19,WWF Monday Night RAW #172,2.90,-
1996-09-06,WWF Friday Night RAW #173,3.40,-
1996-09-09,WWF Monday Night RAW #174,2.40,-
1996-09-16,WWF Monday Night RAW #175,2.10,-
1996-09-23,WWF Monday Night RAW #176,2.00,-
1996-09-30,WWF Monday Night RAW #177,2.30,-
1996-10-07,WWF Monday Night RAW #178,2.10,-
1996-10-14,WWF Monday Night RAW #179,1.80,-
1996-10-21,WWF Monday Night RAW #180,2.60,-
1996-10-28,WWF Monday Night RAW #181,2.00,-
1996-11-04,WWF Monday Night RAW #182,2.30,-
1996-11-11,WWF Monday Night RAW #183,2.50,-
1996-11-18,WWF Monday Night RAW #184,2.40,-
1996-11-25,WWF Monday Night RAW #185,2.10,-
1996-12-02,WWF Monday Night RAW #186,2.30,-
1996-12-09,WWF Monday Night RAW #187,2.30,-
1996-12-16,WWF Monday Night RAW #188,2.30,-
1996-12-23,WWF Monday Night RAW #189,1.50,-
1996-12-30,WWF Monday Night RAW #190,1.60,-
1997-01-06,WWF Monday Night RAW #191,2.10,-
1997-01-13,WWF Monday Night RAW #192,2.30,-
1997-01-20,WWF Monday Night RAW #193,2.20,-
1997-01-27,WWF Monday Night RAW #194,2.20,-
1997-02-03,WWF Monday Night RAW #195,2.60,-
1997-02-13,WWF Thursday RAW Thursday #196,2.30,-
1997-02-17,WWF Monday Night RAW #197,2.10,-
1997-02-24,WWF Monday Night RAW #198 - ECW Invasion,2.50,-
1997-03-03,WWF Monday Night RAW #199,1.90,-
1997-03-10,WWF RAW is WAR #200,2.30,-
1997-03-17,WWF RAW is WAR #201,2.40,-
1997-03-24,WWF RAW is WAR #202,2.50,-
1997-03-31,WWF RAW is WAR #203,2.70,-
1997-04-07,WWF RAW is WAR #204,2.20,-
1997-04-14,WWF RAW is WAR #205,2.20,-
1997-04-21,WWF RAW is WAR #206,2.80,-
1997-04-28,WWF RAW is WAR #207,3.40,-
1997-05-05,WWF RAW is WAR #208,3.40,-
1997-05-12,WWF RAW is WAR #209,3.20,-
1997-05-19,WWF RAW is WAR #210,3.60,-
1997-05-26,WWF RAW is WAR #211,2.70,-
1997-06-02,WWF RAW is WAR #212,2.50,-
1997-06-09,WWF RAW is WAR #213,2.20,-
1997-06-16,WWF RAW is WAR #214,2.20,-
1997-06-23,WWF RAW is WAR #215,2.40,-
1997-06-30,WWF RAW is WAR #216,2.50,-
1997-07-07,WWF RAW is WAR #217,2.50,-
1997-07-14,WWF RAW is WAR #218,2.60,-
1997-07-21,WWF RAW is WAR #219,4.10,-
1997-07-28,WWF RAW is WAR #220,2.90,-
1997-08-04,WWF RAW is WAR #221,2.60,-
1997-08-11,WWF RAW is WAR #222,2.90,-
1997-08-18,WWF RAW is WAR #223,3.20,-
1997-09-08,WWF RAW is WAR #224,2.20,-
1997-09-15,WWF RAW is WAR #225,2.60,-
1997-09-22,WWF RAW is WAR #226,2.40,-
1997-09-29,WWF RAW is WAR #227,2.70,-
1997-10-06,WWF RAW is WAR #228,3.10,-
1997-10-13,WWF RAW is WAR #229,2.30,-
1997-10-20,WWF RAW is WAR #230,3.00,-
1997-10-27,WWF RAW is WAR #231,2.30,-
1997-11-03,WWF RAW is WAR #232,2.60,-
1997-11-10,WWF RAW is WAR #233,3.40,-
1997-11-17,WWF RAW is WAR #234,3.20,-
1997-11-24,WWF RAW is WAR #235,3.10,-
1997-12-01,WWF RAW is WAR #236,3.00,-
1997-12-08,WWF RAW is WAR #237,2.70,-
1997-12-15,WWF RAW is WAR #238,2.70,-
1997-12-22,WWF RAW is WAR #239,3.10,-
1997-12-29,WWF RAW is WAR #240,3.60,-
1998-01-05,WWF RAW is WAR #241,3.30,-
1998-01-12,WWF RAW is WAR #242,3.46,-
1998-01-19,WWF RAW is WAR #243,3.90,-
1998-01-26,WWF RAW is WAR #244,3.70,-
1998-02-02,WWF RAW is WAR #245,3.50,-
1998-02-09,WWF RAW is WAR #246,3.20,-
1998-02-16,WWF RAW is WAR #247,3.00,-
1998-02-23,WWF RAW is WAR #248,3.22,-
1998-03-02,WWF RAW is WAR #249,3.90,-
1998-03-09,WWF RAW is WAR #250,3.63,-
1998-03-17,WWF RAW is WAR #251 - Tuesday Night RAW,4.40,-
1998-03-23,WWF RAW is WAR #252,3.62,-
1998-03-30,WWF RAW is WAR #253,3.83,-
1998-04-06,WWF RAW is WAR #254,4.43,-
1998-04-13,WWF RAW is WAR #255,4.63,-
1998-04-20,WWF RAW is WAR #256,4.12,-
1998-04-27,WWF RAW is WAR #257,5.71,-
1998-05-04,WWF RAW is WAR #258,5.53,-
1998-05-11,WWF RAW is WAR #259,4.81,-
1998-05-18,WWF RAW is WAR #260,5.41,-
1998-05-25,WWF RAW is WAR #261,4.22,-
1998-06-01,WWF RAW is WAR #262,4.39,-
1998-06-08,WWF RAW is WAR #263,4.33,-
1998-06-15,WWF RAW is WAR #264,4.33,-
1998-06-22,WWF RAW is WAR #265,4.34,-
1998-06-29,WWF RAW is WAR #266,5.44,-
1998-07-06,WWF RAW is WAR #267,4.03,-
1998-07-13,WWF RAW is WAR #268,4.65,-
1998-07-20,WWF RAW is WAR #269,5.02,-
1998-07-27,WWF RAW is WAR #270,4.92,-
1998-08-02,WWF SuNDAY NiGHT HeAT #1,3.70,-
1998-08-03,WWF RAW is WAR #271,4.93,-
1998-08-09,WWF SuNDAY NiGHT HeAT #2,4.20,-
1998-08-10,WWF RAW is WAR #272,4.55,-
1998-08-16,WWF SuNDAY NiGHT HeAT #3,3.40,-
1998-08-17,WWF RAW is WAR #273,4.23,-
1998-08-23,WWF SuNDAY NiGHT HeAT #4,3.60,-
1998-08-24,WWF RAW is WAR #274,4.72,-
1998-08-30,WWF SuNDAY NiGHT HeAT #5,3.20,-
1998-09-06,WWF SuNDAY NiGHT HeAT #6,3.20,-
1998-09-13,WWF SuNDAY NiGHT HeAT #7,3.10,-
1998-09-14,WWF RAW is WAR #277,4.03,-
1998-09-20,WWF SuNDAY NiGHT HeAT #8,3.60,-
1998-09-21,WWF RAW is WAR #278,4.03,-
1998-09-27,WWF Sunday Night HEAT #9,3.30,-
1998-09-28,WWF RAW is WAR #279,4.65,-
1998-10-04,WWF SuNDAY NiGHT HeAT #10,3.80,-
1998-10-05,WWF RAW is WAR #280,4.55,-
1998-10-11,WWF SuNDAY NiGHT HeAT #11,3.60,-
1998-10-12,WWF RAW is WAR #281,4.84,-
1998-10-18,WWF SuNDAY NiGHT HeAT #12,3.70,-
1998-10-19,WWF RAW is WAR #282,5.04,-
1998-10-25,WWF SuNDAY NiGHT HeAT #13,4.00,-
1998-10-26,WWF RAW is WAR #283,4.53,-
1998-11-01,WWF SuNDAY NiGHT HeAT #14,3.30,-
1998-11-02,WWF RAW is WAR #284,4.86,-
1998-11-08,WWF SuNDAY NiGHT HeAT #15,4.20,-
1998-11-09,WWF RAW is WAR #285,5.03,-
1998-11-15,WWF SuNDAY NiGHT HeAT #16,3.90,-
1998-11-16,WWF RAW is WAR #286,5.54,-
1998-11-22,WWF SuNDAY NiGHT HeAT #17,4.10,-
1998-11-23,WWF RAW is WAR #287,4.90,-
1998-11-29,WWF SuNDAY NiGHT HeAT #18,4.50,-
1998-11-30,WWF RAW is WAR #288,5.03,-
1998-12-06,WWF SuNDAY NiGHT HeAT #19,4.10,-
1998-12-07,WWF RAW is WAR #289,4.12,-
1998-12-13,WWF SuNDAY NiGHT HeAT #20,3.80,-
1998-12-14,WWF RAW is WAR #290,5.23,-
1998-12-20,WWF SuNDAY NiGHT HeAT #21,3.50,-
1998-12-21,WWF RAW is WAR #291,4.73,-
1998-12-27,WWF SuNDAY NiGHT HeAT #22,3.80,-
1998-12-28,WWF RAW is WAR #292,4.92,-
1999-01-03,WWF SuNDAY NiGHT HeAT #23,4.30,-
1999-01-04,WWF RAW is WAR #293,5.74,-
1999-01-11,WWF RAW is WAR #294,5.53,-
1999-01-18,WWF RAW is WAR #295,5.59,-
1999-01-25,WWF RAW is WAR #296,5.46,-
1999-01-31,WWF SuNDAY NiGHT Halftime HeAT,5.00,-
1999-02-01,WWF RAW is WAR #297,5.72,-
1999-02-15,WWF RAW is WAR #299,5.90,-
1999-02-22,WWF RAW is WAR #300,5.55,-
1999-03-01,WWF RAW is WAR #301,6.32,-
1999-03-08,WWF RAW is WAR #302,6.46,-
1999-03-15,WWF RAW is WAR #303,5.81,-
1999-03-22,WWF RAW is WAR #304,6.44,-
1999-03-29,WWF RAW is WAR #305,6.51,-
1999-04-05,WWF RAW is WAR #306,5.80,-
1999-04-12,WWF RAW is WAR #307,6.25,-
1999-04-19,WWF RAW is WAR #308,6.09,-
1999-04-26,WWF RAW is WAR #309,5.99,-
1999-04-29,WWF SmackDown! #1,5.80,-
1999-05-03,WWF RAW is WAR #310,6.40,-
1999-05-10,WWF RAW is WAR #311,8.10,-
1999-05-17,WWF RAW is WAR #312,6.40,-
1999-05-24,WWF RAW is WAR #313 - Owen Hart Tribute,7.15,-
1999-05-31,WWF RAW is WAR #314,6.25,-
1999-06-07,WWF RAW is WAR #315,6.65,-
1999-06-14,WWF RAW is WAR #316,6.65,-
1999-06-21,WWF RAW is WAR #317,6.00,-
1999-06-28,WWF RAW is WAR #318,6.80,-
1999-07-05,WWF RAW is WAR #319,6.00,-
1999-07-12,WWF RAW is WAR #320,5.99,-
1999-07-19,WWF RAW is WAR #321,6.30,-
1999-07-26,WWF RAW is WAR #322,7.10,-
1999-08-02,WWF RAW is WAR #323,5.90,-
1999-08-09,WWF RAW is WAR #324,6.40,-
1999-08-16,WWF RAW is WAR #325,6.60,-
1999-08-23,WWF RAW is WAR #326,5.65,-
1999-08-26,WWF SmackDown! #2,4.20,-
1999-08-30,WWF RAW is WAR #327,4.20,-
1999-09-02,WWF SmackDown! #3,3.70,-
1999-09-06,WWF RAW is WAR #328,4.40,-
1999-09-09,WWF SmackDown! #4,3.60,-
1999-09-13,WWF RAW is WAR #329,5.95,-
1999-09-16,WWF SmackDown! #5,4.50,-
1999-09-20,WWF RAW is WAR #330,6.10,-
1999-09-23,WWF SmackDown! #6,4.30,-
1999-09-27,WWF RAW is WAR #331,6.80,-
1999-09-30,WWF SmackDown! #7,4.10,-
1999-10-04,WWF RAW is WAR #332,5.90,-
1999-10-07,WWF SmackDown! #8,4.40,-
1999-10-11,WWF RAW is WAR #333,6.10,-
1999-10-14,WWF SmackDown! #9,4.60,-
1999-10-18,WWF RAW is WAR #334,5.40,-
1999-10-21,WWF SmackDown! #10,4.80,-
1999-10-25,WWF RAW is WAR #335,5.60,-
1999-10-28,WWF SmackDown! #11,4.80,-
1999-11-01,WWF RAW is WAR #336,5.90,-
1999-11-04,WWF SmackDown! #12,4.80,-
1999-11-08,WWF RAW is WAR #337,5.40,-
1999-11-11,WWF SmackDown! #13,5.10,-
1999-11-15,WWF RAW is WAR #338,6.30,-
1999-11-18,WWF SmackDown! #14,4.60,-
1999-11-22,WWF RAW is WAR #339,5.50,-
1999-11-25,WWF SmackDown! #15,3.80,-
1999-11-29,WWF RAW is WAR #340,6.50,-
1999-12-02,WWF SmackDown! #16,4.60,-
1999-12-06,WWF RAW is WAR #341,6.00,-
1999-12-09,WWF SmackDown! #17,4.30,-
1999-12-13,WWF RAW is WAR #342,6.10,-
1999-12-16,WWF SmackDown! #18,4.40,-
1999-12-20,WWF RAW is WAR #343,5.80,-
1999-12-23,WWF SmackDown! #19,4.40,-
1999-12-27,WWF RAW is WAR #344,5.80,-
1999-12-30,WWF SmackDown! #20,4.00,-
2000-01-03,WWF RAW is WAR #345,6.50,-
2000-01-06,WWF SmackDown! #21,5.80,-
2000-01-10,WWF RAW is WAR #346,6.60,-
2000-01-13,WWF SmackDown! #22,5.00,-
2000-01-17,WWF RAW is WAR #347,6.00,-
2000-01-20,WWF SmackDown! #23,5.40,-
2000-01-24,WWF RAW is WAR #348,6.90,-
2000-01-27,WWF SmackDown! #24,5.40,-
2000-01-31,WWF RAW is WAR #349,6.60,-
2000-02-03,WWF SmackDown! #25,4.70,-
2000-02-07,WWF RAW is WAR #350,6.50,-
2000-02-10,WWF SmackDown! #26,5.20,-
2000-02-14,WWF RAW is WAR #351,4.40,-
2000-02-17,WWF SmackDown! #27,4.90,-
2000-02-21,WWF RAW is WAR #352,5.90,-
2000-02-24,WWF SmackDown! #28,4.90,-
2000-03-02,WWF SmackDown! #29,4.90,-
2000-03-06,WWF RAW is WAR #354,6.40,-
2000-03-09,WWF SmackDown! #30,4.50,-
2000-03-13,WWF RAW is WAR #355,6.30,-
2000-03-16,WWF SmackDown! #31,4.80,-
2000-03-20,WWF RAW is WAR #356,6.20,-
2000-03-23,WWF SmackDown! #32,4.80,-
2000-03-27,WWF RAW is WAR #357,6.60,-
2000-03-30,WWF SmackDown! #33,5.30,-
2000-04-03,WWF RAW is WAR #358,6.40,-
2000-04-06,WWF SmackDown! #34,4.60,-
2000-04-10,WWF RAW is WAR #359,6.20,-
2000-04-13,WWF SmackDown! #35,4.70,-
2000-04-17,WWF RAW is WAR #360,6.70,-
2000-04-20,WWF SmackDown! #36,5.20,-
2000-04-24,WWF RAW is WAR #361,7.10,-
2000-04-27,WWF SmackDown! #37,5.40,-
2000-05-01,WWF RAW is WAR #362,7.40,-
2000-05-04,WWF SmackDown! #38,5.30,-
2000-05-08,WWF RAW is WAR #363,6.20,-
2000-05-11,WWF SmackDown! #39,5.00,-
2000-05-15,WWF RAW is WAR #364,6.10,-
2000-05-18,WWF SmackDown! #40,4.30,-
2000-05-22,WWF RAW is WAR #365,7.10,-
2000-05-25,WWF SmackDown! #41,4.50,-
2000-05-29,WWF RAW is WAR #366,6.40,-
2000-06-01,WWF SmackDown! #42,4.80,-
2000-06-05,WWF RAW is WAR #367,5.90,-
2000-06-08,WWF SmackDown! #43,5.00,-
2000-06-12,WWF RAW is WAR #368,6.80,-
2000-06-15,WWF SmackDown! #44,4.60,-
2000-06-19,WWF RAW is WAR #369,5.80,-
2000-06-22,WWF SmackDown! #45,4.20,-
2000-06-26,WWF RAW is WAR #370,6.40,-
2000-06-29,WWF SmackDown! #46,4.60,-
2000-07-03,WWF RAW is WAR #371,5.30,-
2000-07-06,WWF SmackDown! #47,4.30,-
2000-07-10,WWF RAW is WAR #372,6.00,-
2000-07-13,WWF SmackDown! #48,4.00,-
2000-07-17,WWF RAW is WAR #373,6.20,-
2000-07-20,WWF SmackDown! #49,4.40,-
2000-07-24,WWF RAW is WAR #374,6.20,-
2000-07-27,WWF SmackDown! #50,4.80,-
2000-07-31,WWF RAW is WAR #375,6.40,-
2000-08-03,WWF SmackDown! #51,4.60,-
2000-08-07,WWF RAW is WAR #376,6.30,-
2000-08-10,WWF SmackDown! #52,4.60,-
2000-08-14,WWF RAW is WAR #377,5.90,-
2000-08-17,WWF SmackDown! #53,4.70,-
2000-08-21,WWF RAW is WAR #378,6.20,-
2000-08-24,WWF SmackDown! #54,4.70,-
2000-08-28,WWF RAW is WAR #379,4.90,-
2000-08-31,WWF SmackDown! #55,4.30,-
2000-09-04,WWF RAW is WAR #380,4.20,-
2000-09-07,WWF SmackDown! #56,5.00,-
2000-09-11,WWF RAW is WAR #381,5.80,-
2000-09-14,WWF SmackDown! #57,4.70,-
2000-09-18,WWF RAW is WAR #382,5.70,-
2000-09-21,WWF SmackDown! #58,4.90,-
2000-09-25,WWF RAW is WAR #383,5.40,-
2000-09-28,WWF SmackDown! #59,4.70,-
2000-10-02,WWF RAW is WAR #384,5.40,-
2000-10-05,WWF SmackDown! #60,4.70,-
2000-10-09,WWF RAW is WAR #385,5.40,-
2000-10-12,WWF SmackDown! #61,4.70,-
2000-10-16,WWF RAW is WAR #386,4.80,-
2000-10-19,WWF SmackDown! #62,4.60,-
2000-10-23,WWF RAW is WAR #387,5.50,-
2000-10-26,WWF SmackDown! #63,4.70,-
2000-10-30,WWF RAW is WAR #388,4.90,-
2000-11-02,WWF SmackDown! #64,5.00,-
2000-11-06,WWF RAW is WAR #389,5.10,-
2000-11-09,WWF SmackDown! #65,4.90,-
2000-11-13,WWF RAW is WAR #390,5.00,-
2000-11-16,WWF SmackDown! #66,4.80,-
2000-11-20,WWF RAW is WAR #391,5.00,-
2000-11-23,WWF SmackDown! #67,3.30,-
2000-11-27,WWF RAW is WAR #392,5.00,-
2000-11-30,WWF SmackDown! #68,4.40,-
2000-12-04,WWF RAW is WAR #393,5.00,-
2000-12-07,WWF SmackDown! #69,5.00,-
2000-12-11,WWF RAW is WAR #394,5.75,-
2000-12-14,WWF SmackDown! #70,4.90,-
2000-12-18,WWF RAW is WAR #395,4.80,-
2000-12-21,WWF SmackDown! #71,4.50,-
2000-12-25,WWF RAW is WAR #396,3.80,-
2000-12-28,WWF SmackDown! #72,3.80,-
2001-01-01,WWF RAW is WAR #397,4.55,-
2001-01-04,WWF SmackDown! #73,4.40,-
2001-01-08,WWF RAW is WAR #398,4.80,-
2001-01-11,WWF SmackDown! #74,4.80,-
2001-01-15,WWF RAW is WAR #399,5.20,-
2001-01-18,WWF SmackDown! #75,4.50,-
2001-01-22,WWF RAW is WAR #400,5.60,-
2001-01-25,WWF SmackDown! #76,4.90,-
2001-01-29,WWF RAW is WAR #401,5.40,-
2001-02-01,WWF SmackDown! #77,4.00,-
2001-02-05,WWF RAW is WAR #402,5.00,-
2001-02-08,WWF SmackDown! #78,4.00,-
2001-02-12,WWF RAW is WAR #403,4.80,-
2001-02-15,WWF SmackDown! #79,4.30,-
2001-02-19,WWF RAW is WAR #404,4.80,-
2001-02-22,WWF SmackDown! #80,4.50,-
2001-02-26,WWF RAW is WAR #405,5.10,-
2001-03-01,WWF SmackDown! #81,4.50,-
2001-03-05,WWF RAW is WAR #406,4.50,-
2001-03-08,WWF SmackDown! #82,3.90,-
2001-03-12,WWF RAW is WAR #407,4.90,-
2001-03-15,WWF SmackDown! #83,4.30,-
2001-03-19,WWF RAW is WAR #408,4.60,-
2001-03-22,WWF SmackDown! #84,4.20,-
2001-03-26,WWF RAW is WAR #409,4.70,-
2001-03-29,WWF SmackDown! #85,4.90,-
2001-04-02,WWF RAW is WAR #410,5.70,-
2001-04-05,WWF SmackDown! #86,4.30,-
2001-04-09,WWF RAW is WAR #411,5.40,-
2001-04-12,WWF SmackDown! #87,3.70,-
2001-04-16,WWF RAW is WAR #412,5.10,-
2001-04-19,WWF SmackDown! #88,4.20,-
2001-04-23,WWF RAW is WAR #413,5.10,-
2001-04-26,WWF SmackDown! #89,3.70,-
2001-04-30,WWF RAW is WAR #414,4.98,-
2001-05-03,WWF SmackDown! #90,4.10,-
2001-05-07,WWF RAW is WAR #415,4.60,-
2001-05-10,WWF SmackDown! #91,3.70,-
2001-05-14,WWF RAW is WAR #416,4.50,-
2001-05-17,WWF SmackDown! #92,4.00,-
2001-05-21,WWF RAW is WAR #417,4.20,-
2001-05-24,WWF SmackDown! #93,3.90,-
2001-05-28,WWF RAW is WAR #418,4.20,-
2001-05-31,WWF SmackDown! #94,4.20,-
2001-06-04,WWF RAW is WAR #419,4.30,-
2001-06-07,WWF SmackDown! #95,3.90,-
2001-06-11,WWF RAW is WAR #420,4.10,-
2001-06-14,WWF SmackDown! #96,3.20,-
2001-06-18,WWF RAW is WAR #421,4.20,-
2001-06-21,WWF SmackDown! #97,3.60,-
2001-06-25,WWF RAW is WAR #422,4.70,-
2001-06-28,WWF SmackDown! #98,3.70,-
2001-07-02,WWF RAW is WAR #423,4.60,-
2001-07-05,WWF SmackDown! #99,3.80,-
2001-07-09,WWF RAW is WAR #424,4.70,-
2001-07-12,WWF SmackDown! #100,4.00,-
2001-07-16,WWF RAW is WAR #425,5.00,-
2001-07-19,WWF SmackDown! #101,3.90,-
2001-07-23,WWF RAW is WAR #426,5.40,-
2001-07-26,WWF SmackDown! #102,4.30,-
2001-07-30,WWF RAW is WAR #427,5.70,-
2001-08-02,WWF SmackDown! #103,4.70,-
2001-08-06,WWF RAW is WAR #428,5.40,-
2001-08-09,WWF SmackDown! #104,4.20,-
2001-08-13,WWF RAW is WAR #429,5.20,-
2001-08-16,WWF SmackDown! #105,4.30,-
2001-08-20,WWF RAW is WAR #430,5.20,-
2001-08-23,WWF SmackDown! #106,4.30,-
2001-08-27,WWF RAW is WAR #431,4.80,-
2001-08-30,WWF SmackDown! #107,3.90,-
2001-09-03,WWF RAW is WAR #432,4.60,-
2001-09-04,WWF SmackDown! #108,3.40,-
2001-09-10,WWF RAW is WAR #433,4.60,-
2001-09-13,WWF SmackDown! #109,3.60,-
2001-09-17,WWF RAW #434,4.80,-
2001-09-20,WWF SmackDown! #110,3.90,-
2001-09-24,WWF RAW #435,4.50,-
2001-09-27,WWF SmackDown! #111,3.90,-
2001-10-01,WWF RAW #436,4.40,-
2001-10-04,WWF SmackDown! #112,3.70,-
2001-10-08,WWF RAW #437,4.50,-
2001-10-11,WWF SmackDown! #113,3.90,-
2001-10-15,WWF RAW #438,4.10,-
2001-10-18,WWF SmackDown! #114,3.60,-
2001-10-22,WWF RAW #439,3.90,-
2001-10-25,WWF SmackDown! #115,4.00,-
2001-10-29,WWF RAW #440,4.10,-
2001-11-01,WWF SmackDown! #116,3.90,-
2001-11-05,WWF RAW #441,3.90,-
2001-11-08,WWF SmackDown! #117,4.10,-
2001-11-12,WWF RAW #442,4.10,-
2001-11-15,WWF SmackDown! #118,4.50,-
2001-11-19,WWF RAW #443,4.80,-
2001-11-22,WWF SmackDown! #119,3.70,-
2001-11-26,WWF RAW #444,4.40,-
2001-12-03,WWF RAW #445,4.20,-
2001-12-06,WWF SmackDown! #121,4.20,-
2001-12-10,WWF RAW #446,4.70,-
2001-12-13,WWF SmackDown! #122,3.60,-
2001-12-17,WWF RAW #447,4.00,-
2001-12-20,WWF SmackDown! #123,3.80,-
2001-12-24,WWF RAW #448,3.20,-
2001-12-27,WWF SmackDown! #124,3.90,-
2001-12-31,WWF RAW #449 - Year End Special,2.40,-
2002-01-03,WWF SmackDown #125,3.80,-
2002-01-06,WWF Sunday Night Heat,1.50,-
2002-01-07,WWF RAW #450,4.90,-
2002-01-10,WWF SmackDown #126,4.00,-
2002-01-13,WWF Sunday Night Heat,1.30,-
2002-01-14,WWF RAW #451,4.40,-
2002-01-17,WWF SmackDown #127,4.00,-
2002-01-21,WWF RAW #452,4.60,-
2002-01-24,WWF SmackDown #128,4.20,-
2002-01-28,WWF RAW #453,4.50,-
2002-01-31,WWF SmackDown #129,3.90,-
2002-02-03,WWF Sunday Night Heat,1.40,-
2002-02-04,WWF RAW #454,4.50,-
2002-02-07,WWF SmackDown #130,4.10,-
2002-02-11,WWF RAW #455,4.40,-
2002-02-14,WWF SmackDown #131,3.90,-
2002-02-17,WWF Sunday Night Heat,1.40,-
2002-02-18,WWF RAW #456,4.70,-
2002-02-21,WWF SmackDown #132,4.50,-
2002-02-24,WWF Sunday Night Heat,1.60,-
2002-02-25,WWF RAW #457,4.70,-
2002-02-28,WWF SmackDown #133,3.80,-
2002-03-03,WWF Sunday Night Heat,1.50,-
2002-03-04,WWF RAW #458,4.50,-
2002-03-07,WWF SmackDown #134,3.40,-
2002-03-10,WWF Sunday Night Heat,1.50,-
2002-03-11,WWF RAW #459,4.50,-
2002-03-14,WWF SmackDown #135,4.00,-
2002-03-17,WWF Sunday Night Heat,1.60,-
2002-03-18,WWF RAW #460,5.30,-
2002-03-21,WWF SmackDown #136,4.30,-
2002-03-24,WWF Sunday Night Heat,1.60,-
2002-03-25,WWF RAW #461,5.40,-
2002-03-28,WWF SmackDown #137,3.70,-
2002-03-31,WWF Sunday Night Heat,1.20,-
2002-04-01,WWF RAW #462,4.80,-
2002-04-04,WWF SmackDown #138,4.10,-
2002-04-07,WWF Sunday Night Heat,1.40,-
2002-04-08,WWF RAW #463,4.80,-
2002-04-11,WWF SmackDown #139,3.50,-
2002-04-14,WWF Sunday Night Heat,1.20,-
2002-04-15,WWF RAW #464,4.80,-
2002-04-18,WWF SmackDown #140,3.80,-
2002-04-21,WWF Sunday Night Heat,1.30,-
2002-04-22,WWF RAW #465,4.80,-
2002-04-25,WWF SmackDown #141,3.40,-
2002-04-28,WWF Sunday Night Heat,1.10,-
2002-04-29,WWF RAW #466,4.40,-
2002-05-02,WWF SmackDown #142,2.90,-
2002-05-05,WWF Sunday Night Heat,1.10,-
2002-05-06,WWE RAW #467,4.60,-
2002-05-09,WWE SmackDown #143,3.50,-
2002-05-13,WWE RAW #468,3.90,-
2002-05-16,WWE SmackDown #144,3.60,-
2002-05-19,WWE Sunday Night Heat,0.90,-
2002-05-20,WWE RAW #469,3.70,-
2002-05-23,WWE SmackDown #145,3.60,-
2002-05-25,WWE Confidential #1,1.30,-
2002-05-25,WWE Velocity #1,1.10,-
2002-05-26,WWE Sunday Night Heat,1.00,-
2002-05-27,WWE RAW #470,3.70,-
2002-05-30,WWE SmackDown #146,3.30,-
2002-06-01,WWE Confidential #2,1.30,-
2002-06-01,WWE Velocity #2,0.90,-
2002-06-03,WWE RAW #471,4.10,-
2002-06-06,WWE SmackDown #147,3.30,-
2002-06-08,WWE Confidential #3,0.80,-
2002-06-08,WWE Velocity #3,0.90,-
2002-06-09,WWE Sunday Night Heat,1.10,-
2002-06-10,WWE RAW #472,4.20,-
2002-06-13,WWE SmackDown #148,3.60,-
2002-06-15,WWE Confidential #4,1.20,-
2002-06-15,WWE Velocity #4,1.00,-
2002-06-16,WWE Sunday Night Heat,0.70,-
2002-06-17,WWE RAW #473,3.90,-
2002-06-20,WWE SmackDown #149,3.10,-
2002-06-22,WWE Confidential #5,1.20,-
2002-06-22,WWE Velocity #5,0.90,-
2002-06-23,WWE Sunday Night Heat,0.90,-
2002-06-24,WWE RAW #474,3.70,-
2002-06-27,WWE SmackDown #150,3.30,-
2002-06-29,WWE Confidential #6,1.30,-
2002-06-29,WWE Velocity #6,1.20,-
2002-06-30,WWE Sunday Night Heat,1.00,-
2002-07-01,WWE RAW #475,3.60,-
2002-07-04,WWE SmackDown #151,2.00,-
2002-07-06,WWE Confidential #7,0.80,-
2002-07-06,WWE Velocity #7,0.90,-
2002-07-07,WWE Sunday Night Heat,1.30,-
2002-07-08,WWE RAW #476,3.70,-
2002-07-11,WWE SmackDown #152,3.30,-
2002-07-13,WWE Confidential #8,0.90,-
2002-07-13,WWE Velocity #8,0.80,-
2002-07-14,WWE Sunday Night Heat,0.90,-
2002-07-15,WWE RAW #477,3.80,-
2002-07-18,WWE SmackDown #153,3.40,-
2002-07-20,WWE Confidential #9,0.90,-
2002-07-20,WWE Velocity #9,0.80,-
2002-07-21,WWE Sunday Night Heat,1.00,-
2002-07-22,WWE RAW #478,4.30,-
2002-07-25,WWE SmackDown #154,3.30,-
2002-07-27,WWE Confidential #10,0.80,-
2002-07-27,WWE Velocity #10,0.80,-
2002-07-28,WWE Sunday Night Heat,1.00,-
2002-07-29,WWE RAW #479,3.70,-
2002-08-01,WWE SmackDown #155,3.10,-
2002-08-03,WWE Confidential #11,1.00,-
2002-08-03,WWE Velocity #11,1.00,-
2002-08-04,WWE Sunday Night Heat,1.20,-
2002-08-05,WWE RAW #480,3.70,-
2002-08-08,WWE SmackDown #156,2.70,-
2002-08-10,WWE Confidential #12,0.90,-
2002-08-10,WWE Velocity #12,0.80,-
2002-08-11,WWE Sunday Night Heat,1.20,-
2002-08-12,WWE RAW #481,3.90,-
2002-08-15,WWE SmackDown #157,3.50,-
2002-08-17,WWE Velocity #13,0.80,-
2002-08-18,WWE Sunday Night Heat,1.00,-
2002-08-19,WWE RAW #482,4.00,-
2002-08-22,WWE SmackDown #158,3.60,-
2002-08-24,WWE Velocity #14,0.70,-
2002-08-25,WWE Sunday Night Heat,0.90,-
2002-08-26,WWE RAW #483,3.90,-
2002-08-29,WWE SmackDown #159,3.10,-
2002-08-31,WWE Velocity #15,0.90,-
2002-09-01,WWE Sunday Night Heat,0.80,-
2002-09-02,WWE RAW #484,3.60,-
2002-09-05,WWE SmackDown #160,3.20,-
2002-09-07,WWE Velocity #16,0.70,-
2002-09-08,WWE Sunday Night Heat,0.80,-
2002-09-09,WWE RAW #485,3.40,-
2002-09-12,WWE SmackDown #161,3.70,-
2002-09-14,WWE Velocity #17,0.90,-
2002-09-15,WWE Sunday Night Heat,1.00,-
2002-09-16,WWE RAW #486,3.40,-
2002-09-19,WWE SmackDown #162,3.50,-
2002-09-21,WWE Velocity #18,0.70,-
2002-09-22,WWE Sunday Night Heat,1.40,-
2002-09-23,WWE RAW #487,3.60,-
2002-09-26,WWE SmackDown #163,3.60,-
2002-09-28,WWE Velocity #19,0.70,-
2002-09-29,WWE Sunday Night Heat,1.00,-
2002-10-03,WWE SmackDown #164,3.60,-
2002-10-05,WWE Velocity #20,0.70,-
2002-10-06,WWE Sunday Night Heat,0.80,-
2002-10-07,WWE RAW #489,3.80,-
2002-10-10,WWE SmackDown #165,3.60,-
2002-10-12,WWE Velocity #21,0.80,-
2002-10-13,WWE Sunday Night Heat,0.80,-
2002-10-14,WWE RAW #490,3.80,-
2002-10-17,WWE SmackDown #166,3.40,-
2002-10-19,WWE Velocity #22,0.70,-
2002-10-20,WWE Sunday Night Heat (US-Version),1.00,-
2002-10-21,WWE RAW #491,3.70,-
2002-10-24,WWE SmackDown #167,3.70,-
2002-10-26,WWE Velocity #23,0.60,-
2002-10-28,WWE RAW #492,3.40,-
2002-10-31,WWE SmackDown #168,3.30,-
2002-11-02,WWE Velocity #24,0.60,-
2002-11-03,WWE Sunday Night Heat,1.10,-
2002-11-04,WWE RAW #493,3.50,-
2002-11-07,WWE SmackDown #169,3.60,-
2002-11-09,WWE Velocity #25,0.60,-
2002-11-10,WWE Sunday Night Heat,0.80,-
2002-11-11,WWE RAW #494,3.10,-
2002-11-14,WWE SmackDown #170,3.60,-
2002-11-16,WWE Velocity #26,0.80,-
2002-11-17,WWE Sunday Night Heat,0.90,-
2002-11-18,WWE RAW #495,3.70,-
2002-11-21,WWE SmackDown #171,3.50,-
2002-11-23,WWE Velocity #27,0.90,-
2002-11-24,WWE Sunday Night Heat,1.40,-
2002-11-25,WWE RAW #496,3.40,-
2002-11-28,WWE SmackDown #172,2.70,-
2002-11-30,WWE Velocity #28,0.70,-
2002-12-02,WWE RAW #497,3.30,-
2002-12-05,WWE SmackDown #173,3.40,-
2002-12-07,WWE Velocity #29,0.70,-
2002-12-08,WWE Sunday Night Heat,1.10,-
2002-12-09,WWE RAW #498,3.30,-
2002-12-12,WWE SmackDown #174,3.20,-
2002-12-14,WWE Velocity #30,0.80,-
2002-12-15,WWE Sunday Night Heat,1.10,-
2002-12-16,WWE RAW #499,3.50,-
2002-12-19,WWE SmackDown #175,3.30,-
2002-12-21,WWE Velocity #31,0.80,-
2002-12-22,WWE Sunday Night Heat,1.00,-
2002-12-23,WWE RAW #500,3.30,-
2002-12-26,WWE SmackDown #176,3.40,-
2002-12-28,WWE Velocity #32,0.90,-
2002-12-29,WWE Sunday Night Heat,1.10,-
2003-01-04,WWE Velocity #33,0.70,-
2003-01-06,WWE RAW #502,3.60,-
2003-01-09,WWE SmackDown #178,3.40,-
2003-01-11,WWE Velocity #34,0.70,-
2003-01-12,WWE Sunday Night Heat,1.10,-
2003-01-13,WWE RAW #503,3.90,-
2003-01-16,WWE SmackDown #179,3.40,-
2003-01-18,WWE Velocity #35,0.70,-
2003-01-20,WWE RAW #504,3.80,-
2003-01-23,WWE SmackDown #180,3.50,-
2003-01-25,WWE Velocity #36,1.00,-
2003-01-26,WWE Sunday Night Heat,0.80,-
2003-01-27,WWE RAW #505,4.10,-
2003-01-30,WWE SmackDown #181,3.20,-
2003-02-01,WWE Velocity #37,0.60,-
2003-02-02,WWE Sunday Night Heat,1.00,-
2003-02-03,WWE RAW #506,3.50,-
2003-02-06,WWE SmackDown #182,3.30,-
2003-02-08,WWE Velocity #38,0.80,-
2003-02-09,WWE Sunday Night Heat,1.00,-
2003-02-10,WWE RAW #507,3.90,-
2003-02-13,WWE SmackDown #183,3.20,-
2003-02-15,WWE Velocity #39,0.60,-
2003-02-17,WWE RAW #508,3.80,-
2003-02-20,WWE SmackDown #184,3.40,-
2003-02-22,WWE Velocity #40,0.80,-
2003-02-24,WWE RAW #509,4.00,-
2003-02-27,WWE SmackDown #185,3.50,-
2003-03-01,WWE Velocity #41,0.90,-
2003-03-02,WWE Sunday Night Heat,1.10,-
2003-03-03,WWE RAW #510,4.50,-
2003-03-05,WWE SmackDown #186,3.30,-
2003-03-08,WWE Velocity #42,0.80,-
2003-03-09,WWE Sunday Night Heat,1.00,-
2003-03-10,WWE RAW #511,4.00,-
2003-03-13,WWE SmackDown #187,3.00,-
2003-03-15,WWE Velocity #43,0.70,-
2003-03-16,WWE Sunday Night Heat,1.00,-
2003-03-17,WWE RAW #512,3.80,-
2003-03-20,WWE SmackDown #188,2.70,-
2003-03-22,WWE Velocity #44,0.70,-
2003-03-23,WWE Sunday Night Heat,1.10,-
2003-03-24,WWE RAW #513,3.50,-
2003-03-27,WWE SmackDown #189,3.20,-
2003-03-29,WWE Velocity #45,0.70,-
2003-03-30,WWE Sunday Night Heat,1.10,-
2003-03-31,WWE RAW #514,3.70,-
2003-04-06,WWE Sunday Night Heat,1.00,-
2003-04-07,WWE RAW #515,3.50,-
2003-04-14,WWE RAW #516,3.45,-
2003-04-21,WWE RAW #517,3.80,-
2003-04-28,WWE RAW #518,3.90,-
2003-05-05,WWE RAW #519,3.50,-
2003-05-12,WWE RAW #520,4.40,-
2003-05-19,WWE RAW #521,3.60,-
2003-05-26,WWE RAW #522,3.70,-
2003-06-02,WWE RAW #523,3.90,-
2003-06-09,WWE RAW #524,3.50,-
2003-06-16,WWE RAW #525,4.10,-
2003-06-23,WWE RAW #526,3.90,-
2003-06-30,WWE RAW #527,3.60,-
2003-07-07,WWE RAW #528,4.20,-
2003-07-14,WWE RAW #529,3.80,-
2003-07-21,WWE RAW #530,4.20,-
2003-07-28,WWE RAW #531,4.20,-
2003-08-04,WWE RAW #532,4.00,-
2003-08-11,WWE RAW #533,3.90,-
2003-08-18,WWE RAW #534,4.00,-
2003-08-25,WWE RAW #535,4.20,-
2003-09-01,WWE RAW #536,4.30,-
2003-09-08,WWE RAW #537,3.60,-
2003-09-15,WWE RAW #538,3.70,-
2003-09-22,WWE RAW #539,3.60,-
2003-09-29,WWE RAW #540,3.40,-
2003-10-06,WWE RAW #541,3.40,-
2003-10-13,WWE RAW #542,3.60,-
2003-10-20,WWE RAW #543,3.70,-
2003-10-27,WWE RAW #544,3.40,-
2003-11-03,WWE RAW #545,3.40,-
2003-11-10,WWE RAW #546,3.70,-
2003-11-17,WWE RAW #547,3.60,-
2003-11-24,WWE RAW #548,3.60,-
2003-12-01,WWE RAW #549,3.70,-
2003-12-08,WWE RAW #550,3.80,-
2003-12-15,WWE RAW #551,3.50,-
2003-12-22,WWE RAW #552 - Year in Review,3.00,-
2003-12-25,WWE SmackDown #228 - Christmas from Baghdad,3.00,-
2003-12-29,WWE RAW #553,3.70,-
2004-01-01,WWE SmackDown #229,2.80,-
2004-01-03,WWE Velocity #84,0.90,-
2004-01-04,WWE Sunday Night Heat,1.10,-
2004-01-05,WWE RAW #554,3.50,-
2004-01-08,WWE SmackDown #230,3.60,-
2004-01-10,WWE Velocity #85,0.90,-
2004-01-11,WWE Sunday Night Heat,1.10,-
2004-01-12,WWE RAW #555,3.60,-
2004-01-15,WWE SmackDown #231,3.40,-
2004-01-17,WWE Velocity #86,0.70,-
2004-01-18,WWE Sunday Night Heat,1.00,-
2004-01-19,WWE RAW #556,3.30,-
2004-01-22,WWE SmackDown #232,3.60,-
2004-01-24,WWE Velocity #87,0.80,-
2004-01-25,WWE Sunday Night Heat,1.10,-
2004-01-26,WWE RAW #557,4.00,-
2004-01-29,WWE SmackDown #233,3.60,-
2004-01-31,WWE Velocity #88,0.70,-
2004-02-01,WWE Sunday Night Heat,0.60,-
2004-02-02,WWE RAW #558,3.70,-
2004-02-05,WWE SmackDown #234,3.40,-
2004-02-07,WWE Velocity #89,0.70,-
2004-02-08,WWE Sunday Night Heat,1.40,-
2004-02-09,WWE RAW #559,3.80,-
2004-02-12,WWE SmackDown #235,3.50,-
2004-02-14,WWE Velocity #90,0.50,-
2004-02-16,WWE RAW #560,3.80,-
2004-02-19,WWE SmackDown #236,3.50,-
2004-02-21,WWE Velocity #91,0.90,-
2004-02-22,WWE Sunday Night Heat,1.00,-
2004-02-23,WWE RAW #561,3.90,-
2004-02-26,WWE SmackDown #237,3.50,-
2004-02-28,WWE Velocity #92,0.90,-
2004-02-29,WWE Sunday Night Heat,0.90,-
2004-03-01,WWE RAW #562,3.80,-
2004-03-04,WWE SmackDown #238,3.30,-
2004-03-07,WWE Velocity #93,0.70,-
2004-03-07,WWE Sunday Night Heat,1.20,-
2004-03-08,WWE RAW #563,3.80,-
2004-03-11,WWE SmackDown #239,3.10,-
2004-03-14,WWE Velocity #94,0.90,-
2004-03-15,WWE RAW #564,4.00,-
2004-03-18,WWE SmackDown #240,3.60,-
